MÊS,PRODUTO,NÚMERO DE POSTOS PESQUISADOS,UNIDADE DE MEDIDA,PRECO MÉDIO REVENDA,DESVIO PADRÃO REVENDA,PRECO MÍNIMO REVENDA,PRECO MÁXIMO REVENDA,MARGEM MÉDIA REVENDA,COEF DE VARIAÇÃO REVENDA,PRECO MÉDIO DISTRIBUIÇÃO,DESVIO PADRÃO DISTRIBUIÇÃO,PRECO MÍNIMO DISTRIBUIÇÃO,PRECO MÁXIMO DISTRIBUIÇÃO,COEF DE VARIAÇÃO DISTRIBUIÇÃO
jul.-01,ETANOL HIDRATADO,17899,R$/l,1.009,165,639,1.580,193,163,816,156,318,1.577,192
Aug-01,ETANOL HIDRATADO,28796,R$/l,1.014,173,649,1.650,208,171,806,155,400,1.342,193
Sep-01,ETANOL HIDRATADO,32994,R$/l,1.026,173,630,1.790,218,168,809,157,380,1.421,194
Oct-01,ETANOL HIDRATADO,42036,R$/l,1.039,166,650,1.880,224,160,816,150,400,1.337,184
nov.-01,ETANOL HIDRATADO,34592,R$/l,1.033,167,670,1.880,217,162,815,149,410,1.287,183
Dec-01,ETANOL HIDRATADO,38506,R$/l,1.029,166,670,1.880,213,161,816,147,400,1.338,181
jan.-02,ETANOL HIDRATADO,41454,R$/l,1.019,164,600,1.880,206,161,813,142,410,1.338,175
Feb-02,ETANOL HIDRATADO,36490,R$/l,1.010,162,679,1.880,201,160,809,142,410,1.300,176
mar.-02,ETANOL HIDRATADO,36486,R$/l,1.010,162,659,1.700,205,160,805,145,410,1.310,180
Apr-02,ETANOL HIDRATADO,45003,R$/l,1.010,158,659,1.700,208,157,801,142,320,1.310,177
May-02,ETANOL HIDRATADO,46918,R$/l,1.002,158,659,1.700,208,158,793,143,410,1.298,180
jun.-02,ETANOL HIDRATADO,36794,R$/l,991,166,537,1.700,214,167,777,157,387,1.385,202
jul.-02,ETANOL HIDRATADO,54610,R$/l,940,190,500,1.700,223,202,717,176,367,1.330,246
Aug-02,ETANOL HIDRATADO,44339,R$/l,912,181,539,1.700,223,199,689,156,377,1.330,227
Sep-02,ETANOL HIDRATADO,37893,R$/l,935,161,589,1.700,215,172,720,139,364,1.336,192
Oct-02,ETANOL HIDRATADO,39232,R$/l,1.014,140,649,1.700,209,138,804,125,379,1.336,156
nov.-02,ETANOL HIDRATADO,34131,R$/l,1.298,167,830,1.870,315,129,984,170,475,1.628,173
Dec-02,ETANOL HIDRATADO,42188,R$/l,1.313,169,799,1.970,250,129,1.063,165,490,1.879,156
jan.-03,ETANOL HIDRATADO,34542,R$/l,1.385,151,939,1.984,248,109,1.138,144,442,1.697,127
Feb-03,ETANOL HIDRATADO,34029,R$/l,1.569,181,1.099,2.490,312,116,1.257,171,505,1.987,136
mar.-03,ETANOL HIDRATADO,36919,R$/l,1.586,195,1.130,2.600,271,123,1.314,195,550,2.180,149
Apr-03,ETANOL HIDRATADO,39413,R$/l,1.562,215,1.087,2.600,254,138,1.308,209,695,2.527,159
May-03,ETANOL HIDRATADO,33844,R$/l,1.506,232,899,2.600,236,154,1.270,223,732,2.527,175
jun.-03,ETANOL HIDRATADO,37652,R$/l,1.348,299,690,2.600,234,222,1.114,288,487,2.526,258
jul.-03,ETANOL HIDRATADO,39130,R$/l,1.203,298,679,2.550,270,248,933,273,373,2.526,293
Aug-03,ETANOL HIDRATADO,33552,R$/l,1.208,252,720,2.550,288,208,920,215,431,2.180,233
Sep-03,ETANOL HIDRATADO,40369,R$/l,1.233,243,729,2.400,274,197,959,204,468,2.034,213
Oct-03,ETANOL HIDRATADO,35025,R$/l,1.201,253,690,2.400,288,211,912,211,404,1.870,231
nov.-03,ETANOL HIDRATADO,33409,R$/l,1.176,246,690,2.400,294,210,882,187,412,1.870,212
Dec-03,ETANOL HIDRATADO,41598,R$/l,1.191,229,749,2.400,280,192,911,166,483,1.870,183
jan.-04,ETANOL HIDRATADO,33157,R$/l,1.205,229,730,2.400,267,190,938,172,554,1.770,183
Feb-04,ETANOL HIDRATADO,33194,R$/l,1.170,257,559,2.400,289,220,881,219,339,1.941,248
mar.-04,ETANOL HIDRATADO,41415,R$/l,1.054,293,499,2.400,310,278,744,236,278,1.979,317
Apr-04,ETANOL HIDRATADO,33285,R$/l,1.032,263,559,2.400,302,255,730,198,297,1.891,272
May-04,ETANOL HIDRATADO,40002,R$/l,1.289,257,590,2.400,381,199,908,186,326,1.891,205
jun.-04,ETANOL HIDRATADO,52287,R$/l,1.359,237,669,2.400,379,174,980,183,340,1.871,187
jul.-04,ETANOL HIDRATADO,46315,R$/l,1.381,234,699,2.400,366,169,1.015,185,380,1.847,182
Aug-04,ETANOL HIDRATADO,55852,R$/l,1.462,225,690,2.320,350,154,1.112,188,379,1.849,169
Sep-04,ETANOL HIDRATADO,48033,R$/l,1.487,233,810,2.250,333,157,1.154,197,436,1.897,171
Oct-04,ETANOL HIDRATADO,46140,R$/l,1.534,211,869,2.484,334,138,1.200,185,436,1.878,154
nov.-04,ETANOL HIDRATADO,54839,R$/l,1.445,219,990,2.372,269,152,1.176,190,466,2.085,162
Dec-04,ETANOL HIDRATADO,48415,R$/l,1.478,242,1.050,2.372,277,164,1.201,222,466,1.993,185
jan.-05,ETANOL HIDRATADO,53931,R$/l,1.460,248,979,2.372,272,170,1.188,229,741,2.027,193
Feb-05,ETANOL HIDRATADO,43138,R$/l,1.448,254,990,2.372,206,175,1.242,237,480,2.087,191
mar.-05,ETANOL HIDRATADO,52519,R$/l,1.444,250,990,2.372,207,173,1.237,230,480,2.005,186
Apr-05,ETANOL HIDRATADO,45994,R$/l,1.451,259,999,2.372,207,178,1.244,235,480,1.966,189
May-05,ETANOL HIDRATADO,54816,R$/l,1.354,299,760,2.385,224,221,1.130,291,600,1.995,258
jun.-05,ETANOL HIDRATADO,48750,R$/l,1.210,328,759,2.385,208,271,1.002,288,512,1.975,287
jul.-05,ETANOL HIDRATADO,46050,R$/l,1.256,292,820,2.385,208,232,1.048,254,587,1.985,242
Aug-05,ETANOL HIDRATADO,29697,R$/l,1.271,286,799,2.385,211,225,1.060,249,557,1.991,235
Sep-05,ETANOL HIDRATADO,29556,R$/l,1.308,259,870,2.399,264,198,1.044,214,505,1.889,205
Oct-05,ETANOL HIDRATADO,40650,R$/l,1.434,223,949,2.372,229,156,1.205,197,701,1.979,163
nov.-05,ETANOL HIDRATADO,52504,R$/l,1.450,234,1.090,2.410,193,161,1.257,208,830,2.067,165
Dec-05,ETANOL HIDRATADO,45823,R$/l,1.536,226,1.089,2.550,199,147,1.337,197,820,2.166,147
jan.-06,ETANOL HIDRATADO,52997,R$/l,1.693,231,1.149,2.620,208,136,1.485,200,990,2.190,135
Feb-06,ETANOL HIDRATADO,39296,R$/l,1.732,238,1.290,2.650,199,137,1.533,215,1.050,2.211,140
mar.-06,ETANOL HIDRATADO,51989,R$/l,1.950,243,1.399,2.910,249,125,1.701,212,1.145,2.692,125
Apr-06,ETANOL HIDRATADO,43394,R$/l,1.943,283,1.290,3.150,223,146,1.720,267,1.099,2.952,155
May-06,ETANOL HIDRATADO,51907,R$/l,1.710,356,1.089,3.150,230,208,1.480,357,900,2.925,241
jun.-06,ETANOL HIDRATADO,45614,R$/l,1.555,339,1.089,2.840,220,218,1.335,313,875,2.692,234
jul.-06,ETANOL HIDRATADO,46215,R$/l,1.571,306,1.080,2.800,222,195,1.349,272,899,2.321,202
Aug-06,ETANOL HIDRATADO,53363,R$/l,1.576,298,1.060,3.150,225,189,1.351,275,842,2.312,204
Sep-06,ETANOL HIDRATADO,44288,R$/l,1.515,320,979,2.800,248,211,1.267,298,830,2.300,235
Oct-06,ETANOL HIDRATADO,44121,R$/l,1.466,320,979,2.800,250,218,1.216,283,800,2.287,233
nov.-06,ETANOL HIDRATADO,43874,R$/l,1.448,306,990,2.890,242,211,1.206,257,800,2.220,213
Dec-06,ETANOL HIDRATADO,39867,R$/l,1.448,290,999,2.800,238,200,1.210,239,868,2.235,198
jan.-07,ETANOL HIDRATADO,53047,R$/l,1.544,237,1.090,2.800,235,153,1.309,206,899,2.305,157
Feb-07,ETANOL HIDRATADO,46286,R$/l,1.545,241,1.129,2.800,240,156,1.305,221,820,2.305,169
mar.-07,ETANOL HIDRATADO,46214,R$/l,1.540,240,1.099,2.800,234,156,1.306,215,970,2.305,165
Apr-07,ETANOL HIDRATADO,46002,R$/l,1.630,224,1.159,2.780,217,137,1.413,193,1.119,2.311,137
May-07,ETANOL HIDRATADO,57160,R$/l,1.626,239,1.090,2.780,255,147,1.371,248,740,2.311,181
jun.-07,ETANOL HIDRATADO,45800,R$/l,1.463,278,850,2.780,321,190,1.142,299,689,2.314,262
jul.-07,ETANOL HIDRATADO,54071,R$/l,1.351,289,850,2.780,297,214,1.054,272,685,2.314,258
Aug-07,ETANOL HIDRATADO,38968,R$/l,1.305,297,850,2.800,273,228,1.032,255,690,2.050,247
Sep-07,ETANOL HIDRATADO,32415,R$/l,1.279,297,829,2.800,265,232,1.014,246,618,2.032,243
Oct-07,ETANOL HIDRATADO,40758,R$/l,1.268,289,840,2.890,264,228,1.004,236,685,2.032,235
nov.-07,ETANOL HIDRATADO,32534,R$/l,1.360,253,870,2.800,252,186,1.108,195,753,2.112,176
Dec-07,ETANOL HIDRATADO,35608,R$/l,1.467,238,1.059,2.780,257,162,1.210,203,674,2.112,168
jan.-08,ETANOL HIDRATADO,37812,R$/l,1.464,241,989,2.780,259,165,1.205,216,839,2.261,179
Feb-08,ETANOL HIDRATADO,32688,R$/l,1.420,257,949,2.780,261,181,1.159,225,799,2.261,194
mar.-08,ETANOL HIDRATADO,32757,R$/l,1.439,244,979,2.780,245,170,1.194,206,890,2.261,173
Apr-08,ETANOL HIDRATADO,41092,R$/l,1.437,246,1.010,2.780,241,171,1.196,214,830,2.261,179
May-08,ETANOL HIDRATADO,33092,R$/l,1.441,248,979,2.800,249,172,1.192,221,800,2.261,185
jun.-08,ETANOL HIDRATADO,33280,R$/l,1.414,266,889,2.780,278,188,1.136,249,759,2.261,219
jul.-08,ETANOL HIDRATADO,41613,R$/l,1.423,276,960,2.780,249,194,1.174,248,850,2.404,211
Aug-08,ETANOL HIDRATADO,33237,R$/l,1.428,284,929,2.780,247,199,1.181,266,825,2.332,225
Sep-08,ETANOL HIDRATADO,33414,R$/l,1.449,269,990,2.780,245,186,1.204,254,880,2.332,211
Oct-08,ETANOL HIDRATADO,41807,R$/l,1.471,249,1.000,2.850,247,169,1.224,230,790,2.398,188
nov.-08,ETANOL HIDRATADO,33405,R$/l,1.478,245,1.040,2.850,280,166,1.198,227,797,2.398,189
Dec-08,ETANOL HIDRATADO,41874,R$/l,1.476,243,1.050,2.850,265,165,1.211,210,711,2.398,173
jan.-09,ETANOL HIDRATADO,33436,R$/l,1.477,237,1.050,2.850,252,160,1.225,197,711,2.345,161
Feb-09,ETANOL HIDRATADO,33505,R$/l,1.499,227,1.129,2.850,240,151,1.259,199,860,2.033,158
mar.-09,ETANOL HIDRATADO,39370,R$/l,1.478,242,949,2.850,273,164,1.205,237,720,2.321,197
Apr-09,ETANOL HIDRATADO,36209,R$/l,1.425,257,879,2.850,307,180,1.118,248,680,2.321,222
May-09,ETANOL HIDRATADO,33661,R$/l,1.388,271,850,2.850,300,195,1.088,250,669,2.390,230
jun.-09,ETANOL HIDRATADO,38734,R$/l,1.340,288,829,2.850,284,215,1.056,255,680,2.390,241
jul.-09,ETANOL HIDRATADO,37042,R$/l,1.374,265,869,2.850,256,193,1.118,236,699,2.389,211
Aug-09,ETANOL HIDRATADO,17631,R$/l,1.400,256,920,2.850,245,183,1.155,232,699,2.389,201
Sep-09,ETANOL HIDRATADO,17921,R$/l,1.447,224,990,2.850,231,155,1.216,205,750,2.387,169
Oct-09,ETANOL HIDRATADO,25424,R$/l,1.616,201,1.099,2.880,253,124,1.363,193,770,2.422,142
nov.-09,ETANOL HIDRATADO,30236,R$/l,1.675,198,1.239,2.990,249,118,1.426,193,748,2.391,135
Dec-09,ETANOL HIDRATADO,34116,R$/l,1.703,190,1.149,2.990,253,112,1.450,191,750,2.391,132
jan.-10,ETANOL HIDRATADO,29971,R$/l,1.890,182,1.229,2.840,265,96,1.625,178,850,2.459,110
Feb-10,ETANOL HIDRATADO,31421,R$/l,1.943,205,1.169,2.990,259,106,1.684,196,1.020,2.450,116
mar.-10,ETANOL HIDRATADO,40918,R$/l,1.763,283,1.159,2.990,287,161,1.476,292,779,2.368,198
Apr-10,ETANOL HIDRATADO,33225,R$/l,1.629,269,1.130,2.990,289,165,1.340,253,748,2.288,189
May-10,ETANOL HIDRATADO,34680,R$/l,1.545,289,959,2.990,288,187,1.257,262,800,2.375,208
jun.-10,ETANOL HIDRATADO,39938,R$/l,1.475,300,960,2.840,272,203,1.203,260,779,2.194,216
jul.-10,ETANOL HIDRATADO,33401,R$/l,1.501,272,989,2.790,263,181,1.238,235,792,2.269,190
Aug-10,ETANOL HIDRATADO,39452,R$/l,1.549,245,1.079,2.790,258,158,1.291,218,800,2.111,169
Sep-10,ETANOL HIDRATADO,35782,R$/l,1.566,237,1.099,2.790,248,151,1.318,216,800,2.030,164
Oct-10,ETANOL HIDRATADO,33479,R$/l,1.673,209,1.199,2.790,254,125,1.419,201,800,2.111,142
nov.-10,ETANOL HIDRATADO,41036,R$/l,1.721,200,1.219,2.790,249,116,1.472,196,820,2.154,133
Dec-10,ETANOL HIDRATADO,34274,R$/l,1.778,183,1.299,2.790,244,103,1.534,182,820,2.208,119
jan.-11,ETANOL HIDRATADO,37173,R$/l,1.835,175,1.270,2.790,242,95,1.593,179,820,2.296,112
Feb-11,ETANOL HIDRATADO,29498,R$/l,1.872,177,1.399,2.790,237,95,1.635,179,820,2.296,109
mar.-11,ETANOL HIDRATADO,41873,R$/l,2.083,207,1.499,3.000,277,99,1.806,180,820,2.518,100
Apr-11,ETANOL HIDRATADO,33388,R$/l,2.301,245,1.650,3.250,314,106,1.987,194,1.097,2.870,98
May-11,ETANOL HIDRATADO,39243,R$/l,2.032,325,1.370,3.200,285,160,1.747,301,1.000,2.936,172
jun.-11,ETANOL HIDRATADO,35831,R$/l,1.859,278,1.329,3.100,263,150,1.596,242,1.115,2.585,152
jul.-11,ETANOL HIDRATADO,33418,R$/l,1.932,238,1.440,2.990,254,123,1.678,211,1.129,2.459,126
Aug-11,ETANOL HIDRATADO,41151,R$/l,1.946,233,1.399,2.990,253,120,1.693,209,1.070,2.383,123
Sep-11,ETANOL HIDRATADO,33933,R$/l,2.006,213,1.529,3.099,255,106,1.751,192,1.270,2.482,110
Oct-11,ETANOL HIDRATADO,37361,R$/l,2.005,221,1.459,2.990,259,110,1.746,194,1.180,2.501,111
nov.-11,ETANOL HIDRATADO,37623,R$/l,2.030,211,1.499,2.990,236,104,1.794,184,1.270,2.531,103
Dec-11,ETANOL HIDRATADO,33485,R$/l,2.055,206,1.560,2.990,235,100,1.820,188,1.270,2.632,103
jan.-12,ETANOL HIDRATADO,39795,R$/l,2.034,220,1.490,2.990,263,108,1.771,211,1.280,2.666,119
Feb-12,ETANOL HIDRATADO,34510,R$/l,1.982,245,1.390,2.990,288,124,1.694,224,1.000,2.676,132
mar.-12,ETANOL HIDRATADO,33793,R$/l,1.997,235,1.300,2.999,264,118,1.733,203,1.246,2.684,117
Apr-12,ETANOL HIDRATADO,33731,R$/l,1.986,227,1.499,3.120,247,114,1.739,198,1.280,2.684,114
May-12,ETANOL HIDRATADO,40688,R$/l,1.967,240,1.399,3.120,261,122,1.706,226,1.195,2.691,132
jun.-12,ETANOL HIDRATADO,33049,R$/l,1.938,255,1.399,3.120,282,132,1.656,249,1.230,2.687,150
jul.-12,ETANOL HIDRATADO,37732,R$/l,1.909,267,1.299,3.120,287,140,1.622,253,1.241,2.661,156
Aug-12,ETANOL HIDRATADO,36455,R$/l,1.890,275,1.289,3.120,290,146,1.600,259,1.173,2.663,162
Sep-12,ETANOL HIDRATADO,32881,R$/l,1.888,273,1.289,3.120,282,145,1.606,245,1.173,2.667,153
Oct-12,ETANOL HIDRATADO,40179,R$/l,1.888,270,1.299,3.120,300,143,1.588,252,1.154,2.595,159
nov.-12,ETANOL HIDRATADO,33523,R$/l,1.896,268,1.299,3.120,302,141,1.594,244,1.147,2.433,153
Dec-12,ETANOL HIDRATADO,33947,R$/l,1.936,247,1.459,3.120,269,128,1.667,221,1.189,2.469,133
jul.-01,GASOLINA COMUM,18708,R$/l,1.681,99,1.379,2.000,214,59,1.467,76,895,1.791,52
Aug-01,GASOLINA COMUM,29950,R$/l,1.711,92,1.440,2.380,207,54,1.504,52,1.023,1.750,34
Sep-01,GASOLINA COMUM,34530,R$/l,1.718,100,1.430,2.380,214,58,1.504,54,1.009,1.821,36
Oct-01,GASOLINA COMUM,44072,R$/l,1.779,105,1.410,2.480,242,59,1.537,62,1.023,1.868,41
nov.-01,GASOLINA COMUM,36267,R$/l,1.780,106,1.440,2.450,229,59,1.552,61,1.080,1.910,39
Dec-01,GASOLINA COMUM,40362,R$/l,1.775,107,1.380,2.450,229,60,1.546,61,1.071,1.895,40
jan.-02,GASOLINA COMUM,43470,R$/l,1.587,124,1.170,2.450,223,78,1.365,97,690,1.818,71
Feb-02,GASOLINA COMUM,38348,R$/l,1.509,100,1.170,2.450,213,66,1.296,53,829,1.697,41
mar.-02,GASOLINA COMUM,38410,R$/l,1.574,115,1.239,2.450,251,73,1.323,66,833,1.774,50
Apr-02,GASOLINA COMUM,47414,R$/l,1.713,113,1.360,2.670,266,66,1.447,78,835,1.806,54
May-02,GASOLINA COMUM,49569,R$/l,1.722,105,1.370,2.670,238,61,1.484,59,972,1.806,40
jun.-02,GASOLINA COMUM,38863,R$/l,1.711,109,1.369,2.670,236,64,1.475,57,908,1.852,39
jul.-02,GASOLINA COMUM,57752,R$/l,1.767,124,1.309,2.670,257,70,1.510,69,934,1.884,46
Aug-02,GASOLINA COMUM,46852,R$/l,1.751,119,1.390,2.470,239,68,1.512,65,971,1.843,43
Sep-02,GASOLINA COMUM,39964,R$/l,1.742,118,1.370,2.450,230,68,1.512,65,962,1.961,43
Oct-02,GASOLINA COMUM,41545,R$/l,1.761,109,1.350,2.450,233,62,1.528,65,984,1.840,43
nov.-02,GASOLINA COMUM,36226,R$/l,1.978,113,1.490,2.740,299,57,1.678,104,1.050,2.497,62
Dec-02,GASOLINA COMUM,44705,R$/l,2.001,140,1.590,2.950,293,70,1.708,81,1.149,2.209,47
jan.-03,GASOLINA COMUM,36694,R$/l,2.160,136,1.699,2.950,304,63,1.856,102,1.180,2.390,55
Feb-03,GASOLINA COMUM,36200,R$/l,2.223,143,1.739,2.950,296,64,1.927,99,1.261,2.482,51
mar.-03,GASOLINA COMUM,39311,R$/l,2.215,143,1.790,2.950,268,65,1.947,87,1.310,2.394,45
Apr-03,GASOLINA COMUM,42127,R$/l,2.195,149,1.720,2.950,255,68,1.940,85,1.262,2.350,44
May-03,GASOLINA COMUM,36221,R$/l,2.113,136,1.749,2.850,245,64,1.869,80,1.240,2.321,43
jun.-03,GASOLINA COMUM,40291,R$/l,2.026,143,1.669,2.860,238,71,1.788,85,1.153,2.227,47
jul.-03,GASOLINA COMUM,41828,R$/l,1.971,138,1.620,2.850,237,70,1.734,79,1.170,2.270,45
Aug-03,GASOLINA COMUM,35935,R$/l,1.975,132,1.630,2.850,240,67,1.735,77,1.157,2.137,44
Sep-03,GASOLINA COMUM,43291,R$/l,2.003,127,1.640,2.850,247,63,1.757,73,1.157,2.220,42
Oct-03,GASOLINA COMUM,37608,R$/l,1.997,128,1.620,2.850,243,64,1.754,69,1.190,2.390,39
nov.-03,GASOLINA COMUM,35911,R$/l,1.993,128,1.620,2.850,246,64,1.747,69,1.510,2.125,39
Dec-03,GASOLINA COMUM,44759,R$/l,1.998,125,1.610,2.850,246,63,1.753,70,1.451,2.149,40
jan.-04,GASOLINA COMUM,35766,R$/l,2.007,126,1.610,2.850,246,63,1.761,70,1.520,2.149,39
Feb-04,GASOLINA COMUM,35740,R$/l,2.002,131,1.610,2.850,254,65,1.749,75,1.490,2.158,43
mar.-04,GASOLINA COMUM,44631,R$/l,1.981,139,1.559,2.850,264,70,1.717,80,1.400,2.328,46
Apr-04,GASOLINA COMUM,35862,R$/l,1.972,140,1.560,2.850,263,71,1.708,80,1.370,2.188,47
May-04,GASOLINA COMUM,43335,R$/l,2.086,143,1.529,2.850,330,69,1.756,80,1.146,2.214,46
jun.-04,GASOLINA COMUM,56676,R$/l,2.157,148,1.560,2.890,347,69,1.810,88,1.170,2.735,49
jul.-04,GASOLINA COMUM,50174,R$/l,2.203,140,1.590,3.000,341,64,1.862,74,1.477,2.473,40
Aug-04,GASOLINA COMUM,60595,R$/l,2.226,139,1.690,3.000,337,62,1.889,75,1.325,2.258,40
Sep-04,GASOLINA COMUM,52104,R$/l,2.232,143,1.690,3.000,333,64,1.899,76,1.450,2.279,40
Oct-04,GASOLINA COMUM,49917,R$/l,2.262,145,1.690,3.100,339,64,1.923,80,1.475,2.325,42
nov.-04,GASOLINA COMUM,59375,R$/l,2.214,148,1.709,3.100,276,67,1.938,84,1.530,2.551,43
Dec-04,GASOLINA COMUM,52358,R$/l,2.303,146,1.849,3.100,296,63,2.007,81,1.518,2.510,40
jan.-05,GASOLINA COMUM,58210,R$/l,2.296,146,1.870,3.220,287,64,2.009,79,1.477,2.510,39
Feb-05,GASOLINA COMUM,46568,R$/l,2.285,150,1.920,3.220,280,66,2.005,78,1.477,2.444,39
mar.-05,GASOLINA COMUM,56656,R$/l,2.291,144,1.940,3.220,290,63,2.001,77,1.477,2.490,38
Apr-05,GASOLINA COMUM,49555,R$/l,2.302,157,1.929,3.200,289,68,2.013,90,1.477,2.565,45
May-05,GASOLINA COMUM,58946,R$/l,2.283,160,1.845,3.200,286,70,1.997,93,1.477,2.505,47
jun.-05,GASOLINA COMUM,52438,R$/l,2.256,172,1.698,3.200,286,76,1.970,97,1.477,2.529,49
jul.-05,GASOLINA COMUM,49437,R$/l,2.267,165,1.880,3.200,289,73,1.978,95,1.640,2.564,48
Aug-05,GASOLINA COMUM,31856,R$/l,2.273,162,1.889,3.200,293,71,1.980,93,1.735,2.552,47
Sep-05,GASOLINA COMUM,31701,R$/l,2.401,188,1.890,3.600,328,78,2.073,134,1.799,2.940,65
Oct-05,GASOLINA COMUM,43735,R$/l,2.470,161,1.979,3.370,295,65,2.175,97,1.729,2.834,45
nov.-05,GASOLINA COMUM,56700,R$/l,2.478,163,1.870,3.300,298,66,2.180,93,1.840,2.780,43
Dec-05,GASOLINA COMUM,49443,R$/l,2.483,162,2.040,3.300,295,65,2.188,94,1.950,2.800,43
jan.-06,GASOLINA COMUM,57239,R$/l,2.511,160,2.080,3.500,299,64,2.212,88,2.000,2.748,40
Feb-06,GASOLINA COMUM,42334,R$/l,2.523,160,2.070,3.300,307,63,2.216,87,2.000,2.788,39
mar.-06,GASOLINA COMUM,56264,R$/l,2.587,153,2.120,3.500,316,59,2.271,84,2.000,2.761,37
Apr-06,GASOLINA COMUM,46927,R$/l,2.595,158,2.155,3.300,308,61,2.287,82,2.000,2.779,36
May-06,GASOLINA COMUM,56298,R$/l,2.582,158,1.870,3.300,306,61,2.276,84,1.806,2.874,37
jun.-06,GASOLINA COMUM,49579,R$/l,2.545,172,2.140,3.300,299,68,2.246,84,1.834,2.707,37
jul.-06,GASOLINA COMUM,50363,R$/l,2.557,165,2.140,3.500,311,65,2.246,84,2.030,2.756,37
Aug-06,GASOLINA COMUM,57666,R$/l,2.559,166,2.089,3.300,308,65,2.251,84,1.910,2.747,37
Sep-06,GASOLINA COMUM,48062,R$/l,2.554,166,2.099,3.300,312,65,2.242,85,1.910,2.747,38
Oct-06,GASOLINA COMUM,47567,R$/l,2.547,164,2.149,3.500,317,64,2.230,86,2.000,2.722,39
nov.-06,GASOLINA COMUM,47122,R$/l,2.538,166,2.130,3.300,318,65,2.220,86,1.955,2.740,39
Dec-06,GASOLINA COMUM,42822,R$/l,2.531,166,2.120,3.300,332,66,2.199,90,2.000,2.696,41
jan.-07,GASOLINA COMUM,57029,R$/l,2.523,167,2.080,3.300,333,66,2.190,86,2.000,2.653,39
Feb-07,GASOLINA COMUM,49770,R$/l,2.516,167,1.960,3.300,333,66,2.183,86,1.700,2.626,39
mar.-07,GASOLINA COMUM,49574,R$/l,2.518,162,2.088,3.300,336,64,2.182,84,1.949,2.646,38
Apr-07,GASOLINA COMUM,49276,R$/l,2.532,154,2.119,3.310,327,61,2.205,82,1.910,2.637,37
May-07,GASOLINA COMUM,61607,R$/l,2.540,155,2.070,3.300,326,61,2.214,81,1.950,2.657,37
jun.-07,GASOLINA COMUM,49165,R$/l,2.527,157,2.079,3.300,345,62,2.182,87,1.958,2.620,40
jul.-07,GASOLINA COMUM,57896,R$/l,2.507,160,2.090,3.300,361,64,2.146,92,1.905,2.591,43
Aug-07,GASOLINA COMUM,41748,R$/l,2.487,164,2.070,3.300,356,66,2.131,91,1.908,2.699,43
Sep-07,GASOLINA COMUM,34809,R$/l,2.471,170,2.000,3.300,349,69,2.122,90,1.930,2.690,42
Oct-07,GASOLINA COMUM,43783,R$/l,2.475,167,2.070,3.300,357,67,2.118,89,1.920,2.874,42
nov.-07,GASOLINA COMUM,34848,R$/l,2.487,162,2.099,3.330,356,65,2.131,87,1.923,2.588,41
Dec-07,GASOLINA COMUM,38031,R$/l,2.509,159,2.099,3.300,353,63,2.156,87,1.900,2.584,40
jan.-08,GASOLINA COMUM,40313,R$/l,2.505,158,2.090,3.300,346,63,2.159,86,1.943,2.607,40
Feb-08,GASOLINA COMUM,34858,R$/l,2.488,169,2.019,3.300,339,68,2.149,90,1.901,2.584,42
mar.-08,GASOLINA COMUM,34901,R$/l,2.493,162,2.059,3.350,343,65,2.150,89,1.880,2.624,41
Apr-08,GASOLINA COMUM,43667,R$/l,2.493,161,2.059,3.350,338,65,2.155,89,1.900,2.624,41
May-08,GASOLINA COMUM,35086,R$/l,2.494,160,1.950,3.350,337,64,2.157,89,1.840,2.595,41
jun.-08,GASOLINA COMUM,35248,R$/l,2.490,161,2.069,3.300,334,65,2.156,90,1.918,2.595,42
jul.-08,GASOLINA COMUM,44034,R$/l,2.495,160,2.049,3.300,334,64,2.161,91,1.900,2.593,42
Aug-08,GASOLINA COMUM,35120,R$/l,2.500,159,2.069,3.300,329,64,2.171,90,1.843,2.628,41
Sep-08,GASOLINA COMUM,35278,R$/l,2.506,155,2.099,3.330,333,62,2.173,91,1.937,2.817,42
Oct-08,GASOLINA COMUM,44140,R$/l,2.508,154,1.390,3.330,331,61,2.177,89,1.950,2.800,41
nov.-08,GASOLINA COMUM,35239,R$/l,2.513,151,2.157,3.330,333,60,2.180,88,1.932,2.800,40
Dec-08,GASOLINA COMUM,44117,R$/l,2.518,153,2.170,3.330,337,61,2.181,88,1.950,2.800,40
jan.-09,GASOLINA COMUM,35207,R$/l,2.516,155,2.149,3.330,335,62,2.181,88,1.950,2.733,40
Feb-09,GASOLINA COMUM,35163,R$/l,2.518,154,2.099,3.340,337,61,2.181,90,1.920,2.710,41
mar.-09,GASOLINA COMUM,41341,R$/l,2.514,157,1.990,3.340,338,62,2.176,93,1.877,2.710,43
Apr-09,GASOLINA COMUM,37968,R$/l,2.500,157,2.090,3.330,340,63,2.160,97,1.810,2.710,45
May-09,GASOLINA COMUM,35271,R$/l,2.487,163,2.059,3.330,336,66,2.151,98,1.830,2.700,46
jun.-09,GASOLINA COMUM,40658,R$/l,2.488,165,2.099,3.330,345,66,2.143,100,1.791,2.700,47
jul.-09,GASOLINA COMUM,38666,R$/l,2.492,157,2.088,3.330,341,63,2.151,97,1.820,2.700,45
Aug-09,GASOLINA COMUM,18357,R$/l,2.498,156,2.049,3.330,339,62,2.159,96,1.828,2.700,44
Sep-09,GASOLINA COMUM,18424,R$/l,2.488,150,2.043,3.333,323,60,2.165,95,1.657,2.790,44
Oct-09,GASOLINA COMUM,26218,R$/l,2.528,150,2.050,3.390,326,59,2.202,99,1.528,2.859,45
nov.-09,GASOLINA COMUM,31319,R$/l,2.551,146,1.963,3.500,331,57,2.220,96,1.111,2.819,43
Dec-09,GASOLINA COMUM,35282,R$/l,2.556,144,2.059,3.330,331,56,2.225,94,1.620,2.877,42
jan.-10,GASOLINA COMUM,30979,R$/l,2.586,138,2.119,3.330,333,53,2.253,91,1.549,2.665,40
Feb-10,GASOLINA COMUM,32503,R$/l,2.611,144,2.040,3.490,341,55,2.270,94,1.624,2.744,41
mar.-10,GASOLINA COMUM,42412,R$/l,2.578,160,2.115,3.499,349,62,2.229,98,1.310,2.955,44
Apr-10,GASOLINA COMUM,34423,R$/l,2.555,166,2.117,3.330,357,65,2.198,97,1.643,2.990,44
May-10,GASOLINA COMUM,35934,R$/l,2.550,165,2.115,3.390,348,65,2.202,101,1.556,2.746,46
jun.-10,GASOLINA COMUM,41355,R$/l,2.534,171,2.090,3.500,343,67,2.191,100,1.554,2.753,46
jul.-10,GASOLINA COMUM,34592,R$/l,2.534,168,1.899,3.350,341,66,2.193,98,1.839,2.754,45
Aug-10,GASOLINA COMUM,40852,R$/l,2.542,161,2.089,3.500,338,63,2.204,94,1.688,2.600,43
Sep-10,GASOLINA COMUM,37097,R$/l,2.544,159,2.090,3.470,332,63,2.212,96,1.822,2.740,43
Oct-10,GASOLINA COMUM,34698,R$/l,2.572,154,2.129,3.390,335,60,2.237,97,1.822,2.736,43
nov.-10,GASOLINA COMUM,42551,R$/l,2.589,153,2.149,3.390,331,59,2.258,96,1.761,2.736,43
Dec-10,GASOLINA COMUM,35557,R$/l,2.602,148,2.179,3.330,338,57,2.264,95,1.931,2.917,42
jan.-11,GASOLINA COMUM,38727,R$/l,2.612,148,2.179,3.340,335,57,2.277,97,1.950,2.970,43
Feb-11,GASOLINA COMUM,30554,R$/l,2.622,145,2.149,3.390,338,55,2.284,92,1.804,2.884,40
mar.-11,GASOLINA COMUM,43565,R$/l,2.670,146,2.019,3.500,342,55,2.328,101,1.817,2.935,43
Apr-11,GASOLINA COMUM,34850,R$/l,2.824,146,2.329,3.559,351,52,2.473,118,1.689,2.998,48
May-11,GASOLINA COMUM,41022,R$/l,2.842,153,2.299,3.619,354,54,2.488,134,1.378,2.956,54
jun.-11,GASOLINA COMUM,37301,R$/l,2.738,156,2.268,3.629,378,57,2.360,121,1.467,2.830,51
jul.-11,GASOLINA COMUM,34782,R$/l,2.735,152,2.270,3.540,375,56,2.360,109,2.000,2.850,46
Aug-11,GASOLINA COMUM,42852,R$/l,2.736,149,2.199,3.670,372,54,2.364,107,1.998,2.900,45
Sep-11,GASOLINA COMUM,35324,R$/l,2.742,153,2.229,3.690,365,56,2.377,109,2.083,2.900,46
Oct-11,GASOLINA COMUM,38927,R$/l,2.750,152,2.209,3.719,371,55,2.379,108,2.022,2.980,45
nov.-11,GASOLINA COMUM,39189,R$/l,2.746,153,2.279,3.719,367,56,2.379,109,2.000,2.980,46
Dec-11,GASOLINA COMUM,34893,R$/l,2.750,148,2.279,3.679,373,54,2.377,108,2.010,2.899,45
jan.-12,GASOLINA COMUM,41443,R$/l,2.743,151,2.259,3.599,368,55,2.375,108,2.001,2.855,45
Feb-12,GASOLINA COMUM,36060,R$/l,2.734,155,2.290,3.690,380,57,2.354,113,2.023,2.855,48
mar.-12,GASOLINA COMUM,35411,R$/l,2.740,149,2.259,3.690,385,54,2.355,110,2.032,2.950,47
Apr-12,GASOLINA COMUM,35411,R$/l,2.742,150,2.259,3.690,377,55,2.365,109,2.010,2.855,46
May-12,GASOLINA COMUM,42736,R$/l,2.737,154,2.199,3.719,371,56,2.366,111,2.000,2.855,47
jun.-12,GASOLINA COMUM,34762,R$/l,2.731,156,2.199,3.719,369,57,2.362,111,2.012,2.961,47
jul.-12,GASOLINA COMUM,39703,R$/l,2.729,158,2.199,3.739,369,58,2.360,111,2.020,2.960,47
Aug-12,GASOLINA COMUM,38425,R$/l,2.725,162,2.199,3.739,369,59,2.356,114,2.000,2.950,48
Sep-12,GASOLINA COMUM,34710,R$/l,2.723,161,2.249,3.769,365,59,2.358,113,2.000,2.900,48
Oct-12,GASOLINA COMUM,42544,R$/l,2.731,157,2.189,3.799,378,57,2.353,112,1.989,2.900,48
nov.-12,GASOLINA COMUM,35563,R$/l,2.747,152,2.229,3.799,394,55,2.353,110,2.021,2.927,47
Dec-12,GASOLINA COMUM,36046,R$/l,2.754,147,2.269,3.799,387,53,2.367,107,2.014,2.890,45
jul.-01,GLP,8853,R$/13kg,17.195,2.113,12.000,24.500,2.696,123,14.499,1.754,6.362,22.750,121
Aug-01,GLP,12299,R$/13kg,17.703,2.012,12.500,27.000,2.871,114,14.832,1.706,5.750,25.000,115
Sep-01,GLP,14405,R$/13kg,17.900,2.019,12.500,29.000,2.948,113,14.951,1.835,6.629,25.000,123
Oct-01,GLP,19190,R$/13kg,18.732,2.026,12.000,30.500,3.479,108,15.254,1.927,6.277,28.000,126
nov.-01,GLP,16373,R$/13kg,18.869,2.025,12.000,31.000,3.410,107,15.459,2.012,6.205,28.000,130
Dec-01,GLP,18400,R$/13kg,18.694,2.100,11.000,32.000,3.338,112,15.355,2.123,5.900,27.000,138
jan.-02,GLP,20451,R$/13kg,21.849,2.282,12.900,35.000,4.463,104,17.387,2.490,6.386,29.000,143
Feb-02,GLP,18244,R$/13kg,21.939,2.081,15.000,32.150,3.749,95,18.191,2.099,7.300,26.470,115
mar.-02,GLP,18578,R$/13kg,21.842,2.074,14.000,30.500,3.611,95,18.232,2.131,7.500,26.470,117
Apr-02,GLP,22880,R$/13kg,24.054,2.397,15.500,35.000,4.627,100,19.427,2.521,7.893,30.000,130
May-02,GLP,21445,R$/13kg,23.449,2.775,14.500,35.000,3.712,118,19.737,2.626,10.409,31.000,133
jun.-02,GLP,23729,R$/13kg,25.472,2.495,16.000,38.000,4.624,98,20.848,2.807,9.969,33.000,135
jul.-02,GLP,35334,R$/13kg,26.317,2.645,18.000,38.000,4.457,101,21.860,2.757,13.000,33.670,126
Aug-02,GLP,30050,R$/13kg,25.260,2.736,18.000,38.500,3.569,108,21.691,2.821,13.007,36.000,130
Sep-02,GLP,25706,R$/13kg,23.330,2.197,15.000,38.500,3.062,94,20.267,2.909,12.900,36.000,144
Oct-02,GLP,27075,R$/13kg,23.093,2.188,16.990,38.500,3.541,95,19.552,2.492,10.596,36.000,127
nov.-02,GLP,23574,R$/13kg,26.499,2.558,16.990,42.000,5.128,97,21.371,2.956,13.000,40.000,138
Dec-02,GLP,28512,R$/13kg,28.046,2.505,19.900,44.000,4.720,89,23.326,2.881,14.500,42.000,124
jan.-03,GLP,24101,R$/13kg,29.346,2.710,19.000,45.000,4.604,92,24.742,2.857,15.900,37.000,115
Feb-03,GLP,23231,R$/13kg,28.931,2.945,17.800,48.900,4.115,102,24.816,2.982,16.700,37.000,120
mar.-03,GLP,24904,R$/13kg,28.876,2.722,19.000,48.900,4.202,94,24.674,2.966,16.700,36.830,120
Apr-03,GLP,27520,R$/13kg,29.652,2.473,22.900,48.900,4.376,83,25.277,2.658,16.288,36.780,105
May-03,GLP,23194,R$/13kg,29.652,2.338,23.990,48.900,4.280,79,25.373,2.546,17.709,36.830,100
jun.-03,GLP,24725,R$/13kg,29.531,2.263,23.800,48.900,4.196,77,25.335,2.467,17.720,36.830,97
jul.-03,GLP,25787,R$/13kg,29.337,2.289,23.500,48.900,4.054,78,25.283,2.506,17.420,36.830,99
Aug-03,GLP,21260,R$/13kg,29.152,2.288,22.000,48.900,4.039,78,25.113,2.507,17.420,44.000,100
Sep-03,GLP,31215,R$/13kg,29.230,2.308,23.000,48.900,4.081,79,25.150,2.545,17.420,44.000,101
Oct-03,GLP,21497,R$/13kg,29.039,2.319,22.500,48.900,4.145,80,24.894,2.540,17.420,36.830,102
nov.-03,GLP,20309,R$/13kg,28.873,2.379,22.500,48.900,4.100,82,24.773,2.582,17.289,44.000,104
Dec-03,GLP,25099,R$/13kg,28.795,2.383,22.000,48.900,4.148,83,24.648,2.594,17.420,36.180,105
jan.-04,GLP,20012,R$/13kg,29.044,2.242,22.990,48.900,4.176,77,24.868,2.448,19.000,36.120,98
Feb-04,GLP,19895,R$/13kg,29.210,2.229,23.000,48.900,4.270,76,24.941,2.440,16.530,35.500,98
mar.-04,GLP,24683,R$/13kg,29.445,2.170,22.900,48.900,4.363,74,25.082,2.393,17.050,37.350,95
Apr-04,GLP,19619,R$/13kg,30.178,2.246,23.000,48.900,4.601,74,25.577,2.277,19.500,36.000,89
May-04,GLP,24358,R$/13kg,32.201,2.396,22.990,48.900,5.683,74,26.518,2.424,17.480,38.000,91
jun.-04,GLP,34122,R$/13kg,32.236,2.434,22.990,46.000,5.599,76,26.637,2.449,18.450,38.000,92
jul.-04,GLP,29422,R$/13kg,32.226,2.482,22.990,46.000,5.550,77,26.676,2.441,19.000,38.000,92
Aug-04,GLP,35473,R$/13kg,32.175,2.499,22.990,45.000,5.601,78,26.574,2.482,18.500,38.000,93
Sep-04,GLP,31243,R$/13kg,32.030,2.503,22.900,46.000,5.610,78,26.420,2.484,18.460,36.000,94
Oct-04,GLP,29490,R$/13kg,32.022,2.489,22.900,46.000,5.715,78,26.307,2.496,17.822,39.350,95
nov.-04,GLP,35385,R$/13kg,30.319,2.448,22.990,45.000,5.307,81,25.012,2.384,19.000,37.750,95
Dec-04,GLP,30432,R$/13kg,30.347,2.463,23.000,45.000,5.377,81,24.970,2.588,19.000,38.000,104
jan.-05,GLP,34757,R$/13kg,30.228,2.481,22.000,45.000,5.357,82,24.871,2.550,18.500,37.750,103
Feb-05,GLP,28641,R$/13kg,30.112,2.569,22.000,44.000,5.357,85,24.755,2.583,19.000,37.750,104
mar.-05,GLP,31247,R$/13kg,30.177,2.495,22.000,45.000,5.413,83,24.764,2.667,17.510,37.750,108
Apr-05,GLP,29006,R$/13kg,30.130,2.494,21.990,45.000,5.482,83,24.648,2.674,19.000,38.000,108
May-05,GLP,35374,R$/13kg,30.006,2.526,21.990,45.000,5.432,84,24.574,2.702,18.900,35.870,110
jun.-05,GLP,29460,R$/13kg,29.988,2.507,22.000,45.000,5.353,84,24.635,2.714,17.472,35.870,110
jul.-05,GLP,28671,R$/13kg,29.975,2.535,22.000,46.000,5.348,85,24.627,2.720,19.000,37.750,110
Aug-05,GLP,17008,R$/13kg,29.928,2.560,21.990,46.000,5.332,86,24.596,2.790,17.000,37.540,113
Sep-05,GLP,13770,R$/13kg,29.938,2.765,22.000,46.000,4.937,92,25.001,2.752,17.000,36.700,110
Oct-05,GLP,22581,R$/13kg,30.076,2.728,21.990,45.000,5.047,91,25.029,2.780,15.343,39.200,111
nov.-05,GLP,35855,R$/13kg,30.244,2.664,23.000,44.000,5.152,88,25.092,2.709,15.343,40.000,108
Dec-05,GLP,35216,R$/13kg,30.498,2.695,22.000,45.000,5.249,88,25.249,2.721,17.350,38.000,108
jan.-06,GLP,37762,R$/13kg,30.749,2.615,23.000,45.000,5.483,85,25.266,2.594,17.500,38.000,103
Feb-06,GLP,32224,R$/13kg,30.934,2.603,23.990,45.000,5.324,84,25.610,2.648,17.100,38.000,103
mar.-06,GLP,45641,R$/13kg,31.193,2.652,24.000,45.000,5.475,85,25.718,3.003,17.350,38.500,117
Apr-06,GLP,42345,R$/13kg,31.546,2.558,24.000,45.000,5.587,81,25.959,2.987,20.000,38.000,115
May-06,GLP,50336,R$/13kg,31.948,2.550,24.000,45.000,5.762,80,26.186,3.119,20.000,38.500,119
jun.-06,GLP,44998,R$/13kg,32.327,2.449,25.000,45.000,5.798,76,26.529,2.741,22.340,38.000,103
jul.-06,GLP,43557,R$/13kg,32.599,2.387,25.000,46.000,5.952,73,26.647,2.655,22.400,38.000,100
Aug-06,GLP,50099,R$/13kg,32.731,2.398,26.000,46.000,6.020,73,26.711,2.560,22.200,38.000,96
Sep-06,GLP,41036,R$/13kg,32.893,2.460,26.000,46.000,6.060,75,26.833,2.601,23.100,38.000,97
Oct-06,GLP,32363,R$/13kg,32.957,2.512,26.000,46.000,6.087,76,26.870,2.473,23.530,38.000,92
nov.-06,GLP,33165,R$/13kg,32.993,2.617,27.000,46.000,6.143,79,26.850,2.544,23.600,38.000,95
Dec-06,GLP,31345,R$/13kg,32.995,2.587,27.000,46.000,6.167,78,26.828,2.531,22.900,38.000,94
jan.-07,GLP,39244,R$/13kg,33.023,2.616,27.000,46.000,6.197,79,26.826,2.485,23.000,38.000,93
Feb-07,GLP,30969,R$/13kg,33.041,2.629,26.000,46.000,6.178,80,26.863,2.552,23.550,38.400,95
mar.-07,GLP,30793,R$/13kg,33.057,2.621,26.000,46.000,6.125,79,26.932,2.638,22.800,39.996,98
Apr-07,GLP,30000,R$/13kg,33.033,2.638,26.000,46.000,6.161,80,26.872,2.656,23.000,39.866,99
May-07,GLP,37531,R$/13kg,33.000,2.683,26.000,46.000,6.179,81,26.821,2.662,22.500,40.000,99
jun.-07,GLP,29840,R$/13kg,32.966,2.699,26.000,47.000,6.091,82,26.875,2.662,16.150,38.466,99
jul.-07,GLP,33640,R$/13kg,32.941,2.761,26.000,49.000,6.126,84,26.815,2.656,17.700,38.466,99
Aug-07,GLP,35062,R$/13kg,32.876,2.791,23.000,48.000,6.114,85,26.762,2.712,21.018,38.407,101
Sep-07,GLP,33216,R$/13kg,32.822,2.778,25.000,48.000,6.141,85,26.681,2.720,23.000,39.211,102
Oct-07,GLP,41453,R$/13kg,32.808,2.806,25.000,48.000,6.248,86,26.560,2.812,22.100,39.211,106
nov.-07,GLP,33643,R$/13kg,32.765,2.810,25.000,47.000,6.327,86,26.438,2.806,22.020,40.000,106
Dec-07,GLP,36385,R$/13kg,32.742,2.840,25.000,49.000,6.303,87,26.439,2.803,22.020,39.000,106
jan.-08,GLP,39208,R$/13kg,32.759,2.852,25.000,47.000,6.288,87,26.471,2.836,22.020,38.569,107
Feb-08,GLP,33692,R$/13kg,32.747,2.845,25.000,47.000,6.285,87,26.462,2.909,22.020,38.130,110
mar.-08,GLP,33966,R$/13kg,32.731,2.838,25.000,49.000,6.244,87,26.487,2.904,22.010,38.569,110
Apr-08,GLP,42550,R$/13kg,32.712,2.855,25.000,47.000,6.318,87,26.394,2.889,22.010,38.130,109
May-08,GLP,34007,R$/13kg,32.933,2.814,25.000,47.000,6.436,85,26.497,2.897,22.010,38.569,109
jun.-08,GLP,33644,R$/13kg,33.262,2.828,25.000,48.000,6.656,85,26.606,2.928,22.001,39.500,110
jul.-08,GLP,42079,R$/13kg,33.420,2.794,25.000,48.000,6.711,84,26.709,2.913,22.010,39.500,109
Aug-08,GLP,33610,R$/13kg,33.502,2.742,25.000,47.000,6.778,82,26.724,2.899,22.010,39.000,108
Sep-08,GLP,33717,R$/13kg,33.501,2.763,25.000,47.000,6.694,82,26.807,2.932,22.010,39.000,109
Oct-08,GLP,42085,R$/13kg,33.453,2.869,24.000,47.000,6.749,86,26.704,3.085,19.830,39.000,116
nov.-08,GLP,33584,R$/13kg,33.405,2.887,24.900,49.000,6.797,86,26.608,3.079,20.000,43.250,116
Dec-08,GLP,42163,R$/13kg,33.361,2.903,24.000,49.000,6.678,87,26.683,3.115,20.000,40.870,117
jan.-09,GLP,33827,R$/13kg,33.377,2.905,24.000,49.000,6.693,87,26.684,3.125,17.700,40.870,117
Feb-09,GLP,33809,R$/13kg,33.372,2.927,24.900,50.000,6.723,88,26.649,3.155,20.000,40.870,118
mar.-09,GLP,38494,R$/13kg,33.710,3.076,24.000,49.000,6.864,91,26.846,3.175,20.000,40.870,118
Apr-09,GLP,37271,R$/13kg,34.416,3.130,26.000,50.000,7.056,91,27.360,3.208,17.287,41.687,117
May-09,GLP,33588,R$/13kg,34.754,3.107,26.000,50.000,7.305,89,27.449,3.164,20.000,40.870,115
jun.-09,GLP,38073,R$/13kg,35.353,3.106,26.000,50.000,7.749,88,27.604,3.171,20.000,45.000,115
jul.-09,GLP,37583,R$/13kg,35.798,3.142,26.000,49.000,8.002,88,27.796,3.327,20.000,45.000,120
Aug-09,GLP,17344,R$/13kg,36.043,3.139,26.000,49.000,8.130,87,27.913,3.315,17.000,45.000,119
Sep-09,GLP,13458,R$/13kg,37.610,3.392,26.000,50.000,9.059,90,28.551,3.433,16.890,48.000,120
Oct-09,GLP,21528,R$/13kg,38.024,3.503,24.000,52.000,9.217,92,28.807,3.559,14.638,48.000,124
nov.-09,GLP,25240,R$/13kg,37.961,3.562,24.000,52.000,9.207,94,28.754,3.572,15.340,48.000,124
Dec-09,GLP,30635,R$/13kg,38.020,3.541,24.000,52.000,9.221,93,28.799,3.668,15.268,48.000,127
jan.-10,GLP,27348,R$/13kg,38.120,3.473,24.000,53.000,9.335,91,28.785,3.646,14.660,44.500,127
Feb-10,GLP,28852,R$/13kg,38.145,3.560,24.000,52.000,9.251,93,28.894,4.007,15.343,44.000,139
mar.-10,GLP,38669,R$/13kg,38.370,3.548,24.000,52.000,9.633,92,28.737,3.962,15.340,44.000,138
Apr-10,GLP,32548,R$/13kg,38.346,3.530,24.000,52.000,9.538,92,28.808,3.909,14.660,43.870,136
May-10,GLP,36107,R$/13kg,38.306,3.529,24.000,52.000,9.525,92,28.781,4.023,15.000,43.870,140
jun.-10,GLP,37455,R$/13kg,38.280,3.584,24.000,54.000,9.439,94,28.841,4.084,15.000,44.000,142
jul.-10,GLP,32332,R$/13kg,38.221,3.535,24.000,55.000,9.391,92,28.830,4.055,14.090,45.000,141
Aug-10,GLP,36823,R$/13kg,38.014,3.525,24.620,55.000,9.096,93,28.918,4.005,14.000,44.000,138
Sep-10,GLP,33836,R$/13kg,38.068,3.483,24.990,56.000,9.140,91,28.928,4.007,14.033,44.000,139
Oct-10,GLP,31620,R$/13kg,38.153,3.484,24.990,53.000,9.294,91,28.859,4.036,14.033,44.000,140
nov.-10,GLP,36955,R$/13kg,38.178,3.456,24.990,53.000,9.226,91,28.952,3.990,14.033,44.000,138
Dec-10,GLP,34259,R$/13kg,38.169,3.499,24.990,53.000,9.229,92,28.940,4.143,14.023,43.870,143
jan.-11,GLP,34331,R$/13kg,38.160,3.481,24.990,57.000,9.431,91,28.729,4.055,13.540,43.900,141
Feb-11,GLP,28911,R$/13kg,38.127,3.562,24.990,57.000,9.362,93,28.765,4.154,14.000,43.900,144
mar.-11,GLP,39566,R$/13kg,38.141,3.581,24.990,56.000,9.369,94,28.772,4.187,15.344,43.000,146
Apr-11,GLP,32101,R$/13kg,38.293,3.696,25.000,53.900,9.417,97,28.876,4.279,14.033,44.000,148
May-11,GLP,38120,R$/13kg,38.344,3.734,25.000,53.900,9.304,97,29.040,4.328,15.343,45.600,149
jun.-11,GLP,34393,R$/13kg,38.407,3.777,26.000,58.000,9.236,98,29.171,4.354,14.000,44.700,149
jul.-11,GLP,32253,R$/13kg,38.406,3.789,25.600,59.000,9.232,99,29.174,4.393,14.033,44.000,151
Aug-11,GLP,40184,R$/13kg,38.397,3.806,25.600,58.000,9.254,99,29.143,4.413,14.000,44.000,151
Sep-11,GLP,32372,R$/13kg,38.677,3.861,25.600,58.000,9.328,100,29.349,4.394,14.033,44.000,150
Oct-11,GLP,35417,R$/13kg,38.891,3.877,28.000,58.000,9.410,100,29.481,4.315,14.033,44.000,146
nov.-11,GLP,36826,R$/13kg,38.908,3.887,28.000,58.000,9.461,100,29.447,4.455,14.033,44.440,151
Dec-11,GLP,32324,R$/13kg,38.931,3.899,26.000,58.000,9.493,100,29.438,4.482,14.030,44.000,152
jan.-12,GLP,37847,R$/13kg,38.954,3.928,26.000,62.000,9.451,101,29.503,4.443,14.033,44.100,151
Feb-12,GLP,31848,R$/13kg,38.952,3.876,25.000,63.000,9.473,100,29.479,4.463,14.030,44.000,151
mar.-12,GLP,34915,R$/13kg,38.961,3.926,26.000,63.000,9.579,101,29.382,4.522,14.030,44.000,154
Apr-12,GLP,32948,R$/13kg,39.044,3.983,26.000,63.000,9.659,102,29.385,4.491,14.030,45.000,153
May-12,GLP,39358,R$/13kg,39.164,4.033,26.000,63.000,9.630,103,29.534,4.374,14.030,45.000,148
jun.-12,GLP,32140,R$/13kg,39.167,4.001,26.000,62.000,9.552,102,29.615,4.399,14.030,45.000,149
jul.-12,GLP,34829,R$/13kg,39.185,3.981,25.600,62.000,9.598,102,29.587,4.388,14.660,45.000,148
Aug-12,GLP,37705,R$/13kg,39.150,4.012,26.000,62.000,9.786,102,29.364,4.543,14.660,45.000,155
Sep-12,GLP,32222,R$/13kg,39.355,4.022,26.000,62.000,9.889,102,29.466,4.503,14.000,45.600,153
Oct-12,GLP,39891,R$/13kg,39.586,4.061,26.000,62.000,9.859,103,29.727,4.464,14.000,45.000,150
nov.-12,GLP,32518,R$/13kg,39.948,4.128,26.000,62.000,10.226,103,29.722,4.461,14.663,45.000,150
Dec-12,GLP,32833,R$/13kg,40.124,4.030,26.000,62.000,10.238,100,29.886,4.397,14.660,45.000,147
jul.-01,GNV,474,R$/m3,730,30,509,799,249,42,481,88,252,661,183
Aug-01,GNV,511,R$/m3,741,20,699,799,254,27,487,105,262,694,215
Sep-01,GNV,499,R$/m3,741,20,699,799,250,27,490,101,257,651,206
Oct-01,GNV,639,R$/m3,765,25,699,899,281,33,485,111,228,655,230
nov.-01,GNV,534,R$/m3,779,21,699,899,277,27,503,116,228,706,231
Dec-01,GNV,644,R$/m3,781,22,699,899,276,29,505,113,257,706,225
jan.-02,GNV,714,R$/m3,781,26,699,899,277,33,504,116,248,755,230
Feb-02,GNV,709,R$/m3,781,27,699,899,292,35,489,120,243,729,246
mar.-02,GNV,788,R$/m3,781,33,670,949,297,42,484,127,268,779,262
Apr-02,GNV,1053,R$/m3,788,39,650,949,315,50,473,132,259,779,279
May-02,GNV,1171,R$/m3,795,48,650,949,310,60,485,137,268,779,282
jun.-02,GNV,941,R$/m3,794,47,650,949,311,59,483,137,244,780,284
jul.-02,GNV,1384,R$/m3,820,65,669,989,328,79,492,142,245,860,288
Aug-02,GNV,1263,R$/m3,825,70,599,989,323,85,502,149,270,799,298
Sep-02,GNV,1056,R$/m3,826,71,490,989,321,86,505,148,270,799,294
Oct-02,GNV,1160,R$/m3,833,63,679,998,308,76,525,143,270,800,271
nov.-02,GNV,1019,R$/m3,898,81,679,1.068,362,90,536,143,270,818,267
Dec-02,GNV,1269,R$/m3,937,53,769,1.060,343,57,594,158,270,853,266
jan.-03,GNV,1085,R$/m3,1.029,94,799,1.199,395,92,634,164,313,970,259
Feb-03,GNV,1082,R$/m3,1.071,66,849,1.399,375,61,696,181,330,999,260
mar.-03,GNV,1143,R$/m3,1.070,70,876,1.399,363,65,707,168,330,1.089,238
Apr-03,GNV,1366,R$/m3,1.067,73,876,1.448,345,69,723,160,378,1.130,222
May-03,GNV,1176,R$/m3,1.066,75,899,1.399,348,71,717,159,380,1.130,222
jun.-03,GNV,1344,R$/m3,1.062,77,899,1.399,355,72,707,160,380,1.090,227
jul.-03,GNV,1520,R$/m3,1.061,79,870,1.399,353,74,708,160,405,1.090,226
Aug-03,GNV,1294,R$/m3,1.058,82,799,1.399,356,77,702,159,388,1.090,227
Sep-03,GNV,1663,R$/m3,1.060,82,859,1.399,348,77,712,157,405,1.090,220
Oct-03,GNV,1549,R$/m3,1.062,83,830,1.399,342,78,720,153,405,1.090,213
nov.-03,GNV,1479,R$/m3,1.064,77,799,1.399,354,73,710,156,405,1.090,220
Dec-03,GNV,1892,R$/m3,1.065,77,799,1.349,355,72,710,154,388,1.214,217
jan.-04,GNV,1531,R$/m3,1.074,78,799,1.319,365,73,710,153,380,1.085,216
Feb-04,GNV,1551,R$/m3,1.075,81,850,1.319,369,76,706,155,380,1.065,219
mar.-04,GNV,1974,R$/m3,1.076,82,850,1.319,364,76,712,156,380,1.030,220
Apr-04,GNV,1634,R$/m3,1.073,82,799,1.288,361,76,712,155,404,1.033,218
May-04,GNV,1800,R$/m3,1.130,83,840,1.288,311,73,819,157,421,1.020,192
jun.-04,GNV,2698,R$/m3,1.135,62,850,1.288,320,55,815,164,421,1.033,201
jul.-04,GNV,2388,R$/m3,1.152,56,880,1.399,337,49,815,159,421,1.033,195
Aug-04,GNV,2904,R$/m3,1.150,59,880,1.399,332,51,818,154,410,1.041,188
Sep-04,GNV,2714,R$/m3,1.151,62,920,1.399,338,54,813,151,421,1.041,186
Oct-04,GNV,2597,R$/m3,1.151,67,899,1.399,337,58,814,151,440,1.041,186
nov.-04,GNV,3175,R$/m3,1.091,63,899,1.399,391,58,700,150,440,1.279,214
Dec-04,GNV,2848,R$/m3,1.096,70,909,1.399,390,64,706,153,440,1.270,217
jan.-05,GNV,3232,R$/m3,1.103,74,829,1.399,403,67,700,154,440,1.279,220
Feb-05,GNV,2522,R$/m3,1.104,76,899,1.399,404,69,700,155,363,1.000,221
mar.-05,GNV,3390,R$/m3,1.104,88,799,1.490,404,80,700,158,421,1.279,226
Apr-05,GNV,2904,R$/m3,1.106,99,699,1.399,400,90,706,159,454,1.279,225
May-05,GNV,3437,R$/m3,1.107,99,659,1.399,404,89,703,161,452,1.027,229
jun.-05,GNV,3233,R$/m3,1.139,94,869,1.550,409,83,730,164,456,1.040,225
jul.-05,GNV,3031,R$/m3,1.142,97,899,1.599,400,85,742,166,418,1.040,224
Aug-05,GNV,1808,R$/m3,1.136,118,779,1.699,391,104,745,162,456,1.077,217
Sep-05,GNV,1385,R$/m3,1.193,116,940,1.899,435,97,758,176,418,1.547,232
Oct-05,GNV,2223,R$/m3,1.189,103,949,1.450,429,87,760,180,456,1.250,237
nov.-05,GNV,2821,R$/m3,1.204,122,949,1.490,431,101,773,180,474,1.250,233
Dec-05,GNV,2325,R$/m3,1.208,136,949,1.770,423,113,785,182,474,1.250,232
jan.-06,GNV,2701,R$/m3,1.202,142,940,1.590,427,118,775,177,474,1.151,228
Feb-06,GNV,2097,R$/m3,1.225,138,949,1.680,450,113,775,181,494,1.179,234
mar.-06,GNV,2832,R$/m3,1.240,141,929,1.680,429,114,811,191,474,1.250,236
Apr-06,GNV,2193,R$/m3,1.250,134,899,1.790,427,107,823,191,473,1.250,232
May-06,GNV,2746,R$/m3,1.251,143,799,1.790,436,114,815,199,474,1.443,244
jun.-06,GNV,2411,R$/m3,1.251,155,799,1.790,427,124,824,200,494,1.400,243
jul.-06,GNV,2554,R$/m3,1.238,178,799,1.840,415,144,823,207,486,1.470,252
Aug-06,GNV,2935,R$/m3,1.267,159,850,1.840,442,125,825,215,474,1.470,261
Sep-06,GNV,2555,R$/m3,1.270,154,1.039,1.840,434,121,836,218,474,1.520,261
Oct-06,GNV,2427,R$/m3,1.272,153,999,1.840,430,120,842,213,473,1.520,253
nov.-06,GNV,2411,R$/m3,1.266,158,950,1.870,432,125,834,212,475,1.520,254
Dec-06,GNV,2196,R$/m3,1.269,155,950,1.840,437,122,832,217,473,1.520,261
jan.-07,GNV,3032,R$/m3,1.271,153,999,1.870,435,120,836,215,507,1.540,257
Feb-07,GNV,2797,R$/m3,1.271,156,790,1.870,443,123,828,222,481,1.540,268
mar.-07,GNV,2898,R$/m3,1.269,161,799,1.890,431,127,838,220,495,1.676,263
Apr-07,GNV,2969,R$/m3,1.268,158,790,1.870,435,125,833,218,504,1.618,262
May-07,GNV,3906,R$/m3,1.338,163,989,1.900,491,122,847,229,511,1.618,270
jun.-07,GNV,3158,R$/m3,1.349,163,1.050,1.900,476,121,873,223,511,1.620,255
jul.-07,GNV,3854,R$/m3,1.348,172,980,1.900,468,128,880,220,532,1.670,250
Aug-07,GNV,2433,R$/m3,1.354,174,950,1.900,451,129,903,220,586,1.660,244
Sep-07,GNV,1842,R$/m3,1.354,171,959,1.900,446,126,908,222,586,1.698,244
Oct-07,GNV,2399,R$/m3,1.371,174,999,1.900,435,127,936,222,603,1.698,237
nov.-07,GNV,1892,R$/m3,1.373,176,999,1.900,435,128,938,213,620,1.670,227
Dec-07,GNV,2129,R$/m3,1.378,173,949,1.900,441,126,937,206,632,1.672,220
jan.-08,GNV,2130,R$/m3,1.436,180,949,1.990,480,125,956,223,633,1.766,233
Feb-08,GNV,1916,R$/m3,1.453,188,999,1.990,469,129,984,213,641,1.766,216
mar.-08,GNV,1896,R$/m3,1.453,190,999,1.960,443,131,1.010,196,655,1.766,194
Apr-08,GNV,2468,R$/m3,1.452,196,999,2.049,448,135,1.004,199,562,1.859,198
May-08,GNV,1896,R$/m3,1.468,182,1.049,2.049,443,124,1.025,194,562,1.859,189
jun.-08,GNV,1951,R$/m3,1.556,138,1.059,2.150,514,89,1.042,201,655,1.859,193
jul.-08,GNV,2450,R$/m3,1.599,126,1.219,2.150,467,79,1.132,202,674,1.859,178
Aug-08,GNV,1942,R$/m3,1.637,127,1.295,2.249,476,78,1.161,195,732,1.859,168
Sep-08,GNV,2000,R$/m3,1.651,132,1.359,2.249,471,80,1.180,184,732,1.859,156
Oct-08,GNV,2582,R$/m3,1.657,137,1.290,2.249,452,83,1.205,177,748,1.899,147
nov.-08,GNV,2064,R$/m3,1.670,153,1.259,2.300,457,92,1.213,183,817,2.000,151
Dec-08,GNV,2597,R$/m3,1.715,145,1.349,2.550,466,85,1.249,178,817,2.326,143
jan.-09,GNV,2060,R$/m3,1.767,121,1.359,2.550,504,68,1.263,187,817,2.326,148
Feb-09,GNV,2096,R$/m3,1.730,140,1.350,2.550,423,81,1.307,182,817,2.367,139
mar.-09,GNV,2470,R$/m3,1.715,149,1.339,2.590,430,87,1.285,195,817,2.400,152
Apr-09,GNV,2300,R$/m3,1.690,154,1.249,2.590,418,91,1.272,198,817,2.400,156
May-09,GNV,2253,R$/m3,1.661,149,1.269,2.550,409,90,1.252,192,915,2.400,153
jun.-09,GNV,2545,R$/m3,1.608,152,1.180,2.398,404,95,1.204,186,817,2.218,154
jul.-09,GNV,2491,R$/m3,1.578,139,1.259,2.390,414,88,1.164,182,817,2.213,156
Aug-09,GNV,1177,R$/m3,1.570,143,1.259,2.390,398,91,1.172,174,793,1.779,148
Sep-09,GNV,1878,R$/m3,1.548,172,1.129,2.760,398,111,1.150,193,457,2.213,168
Oct-09,GNV,1913,R$/m3,1.567,165,1.179,2.630,427,105,1.140,213,705,2.213,187
nov.-09,GNV,2237,R$/m3,1.577,173,1.189,2.579,435,110,1.142,216,699,2.213,189
Dec-09,GNV,2419,R$/m3,1.587,173,1.259,2.390,426,109,1.161,226,746,2.213,195
jan.-10,GNV,2125,R$/m3,1.579,175,1.198,2.390,423,111,1.156,220,746,2.142,190
Feb-10,GNV,2214,R$/m3,1.584,176,1.170,2.390,430,111,1.154,222,768,2.142,192
mar.-10,GNV,2817,R$/m3,1.595,175,1.197,2.400,432,110,1.163,211,633,2.160,181
Apr-10,GNV,2256,R$/m3,1.582,181,1.119,2.390,422,114,1.160,223,768,2.160,192
May-10,GNV,2353,R$/m3,1.608,162,1.259,2.339,425,101,1.183,206,709,2.160,174
jun.-10,GNV,2750,R$/m3,1.607,163,1.259,2.400,407,101,1.200,196,774,2.205,163
jul.-10,GNV,2227,R$/m3,1.607,163,1.159,2.369,400,101,1.207,185,770,2.220,153
Aug-10,GNV,2459,R$/m3,1.613,163,1.299,2.389,394,101,1.219,191,768,2.200,157
Sep-10,GNV,2296,R$/m3,1.611,161,1.299,2.389,392,100,1.219,180,749,2.200,148
Oct-10,GNV,2102,R$/m3,1.616,159,1.299,2.389,390,98,1.226,175,767,2.240,143
nov.-10,GNV,2568,R$/m3,1.618,157,1.299,2.389,382,97,1.236,183,768,2.240,148
Dec-10,GNV,2072,R$/m3,1.572,193,1.097,2.389,365,123,1.207,191,769,2.216,158
jan.-11,GNV,2237,R$/m3,1.552,217,1.099,2.389,379,140,1.173,210,751,2.212,179
Feb-11,GNV,1820,R$/m3,1.555,215,1.099,2.389,391,138,1.164,215,604,2.212,185
mar.-11,GNV,2570,R$/m3,1.566,229,1.049,2.389,383,146,1.183,203,653,2.212,172
Apr-11,GNV,1977,R$/m3,1.602,212,1.099,2.389,412,132,1.190,207,627,1.750,174
May-11,GNV,2419,R$/m3,1.627,198,1.099,2.389,427,122,1.200,200,620,1.891,167
jun.-11,GNV,2226,R$/m3,1.631,200,1.099,2.389,420,123,1.211,203,631,2.007,168
jul.-11,GNV,2079,R$/m3,1.618,204,1.099,2.409,399,126,1.219,201,631,2.006,165
Aug-11,GNV,2591,R$/m3,1.617,199,1.099,2.409,389,123,1.228,202,696,2.236,164
Sep-11,GNV,2192,R$/m3,1.611,202,1.099,2.409,400,125,1.211,195,709,2.006,161
Oct-11,GNV,2321,R$/m3,1.614,203,1.099,2.449,405,126,1.209,207,631,2.247,171
nov.-11,GNV,2335,R$/m3,1.610,203,1.099,2.310,395,126,1.215,202,631,2.080,166
Dec-11,GNV,2022,R$/m3,1.623,194,1.099,2.499,411,120,1.212,194,631,1.980,160
jan.-12,GNV,2398,R$/m3,1.632,181,1.189,2.549,403,111,1.229,182,663,1.760,148
Feb-12,GNV,2091,R$/m3,1.635,185,1.009,2.549,418,113,1.217,204,696,2.252,168
mar.-12,GNV,2020,R$/m3,1.634,185,1.199,2.369,406,113,1.228,167,696,1.708,136
Apr-12,GNV,2094,R$/m3,1.694,191,1.189,2.369,417,113,1.277,180,697,1.773,141
May-12,GNV,2559,R$/m3,1.711,197,1.190,2.369,423,115,1.288,185,697,1.822,144
jun.-12,GNV,2128,R$/m3,1.726,189,1.190,2.579,432,110,1.294,174,791,1.822,134
jul.-12,GNV,2460,R$/m3,1.734,187,1.290,2.579,430,108,1.304,173,768,1.911,133
Aug-12,GNV,2204,R$/m3,1.739,188,1.279,2.490,427,108,1.312,157,870,1.830,120
Sep-12,GNV,2049,R$/m3,1.740,184,1.349,2.399,392,106,1.348,160,786,1.878,119
Oct-12,GNV,2538,R$/m3,1.741,183,1.349,2.399,400,105,1.341,167,830,1.866,125
nov.-12,GNV,2078,R$/m3,1.742,184,1.319,2.399,401,106,1.341,160,878,1.918,119
Dec-12,GNV,2081,R$/m3,1.757,171,1.359,2.599,407,97,1.350,158,886,1.970,117
jul.-01,ÓLEO DIESEL,14011,R$/l,829,42,659,1.000,103,51,726,50,512,930,68
Aug-01,ÓLEO DIESEL,24726,R$/l,850,46,699,1.280,100,54,750,44,519,979,59
Sep-01,ÓLEO DIESEL,29217,R$/l,860,47,729,1.280,105,54,755,44,592,960,58
Oct-01,ÓLEO DIESEL,37296,R$/l,898,53,690,1.390,123,59,775,49,543,982,63
nov.-01,ÓLEO DIESEL,30633,R$/l,908,49,739,1.320,120,54,787,48,593,1.020,61
Dec-01,ÓLEO DIESEL,34126,R$/l,908,49,770,1.320,121,54,786,48,490,990,61
jan.-02,ÓLEO DIESEL,36644,R$/l,883,47,658,1.320,133,53,751,47,532,961,63
Feb-02,ÓLEO DIESEL,32373,R$/l,878,45,700,1.320,131,51,747,44,578,932,58
mar.-02,ÓLEO DIESEL,32492,R$/l,889,45,701,1.320,130,51,759,43,557,956,56
Apr-02,ÓLEO DIESEL,39991,R$/l,958,49,710,1.390,146,51,812,50,578,1.030,62
May-02,ÓLEO DIESEL,41764,R$/l,976,49,799,1.390,138,50,838,48,628,1.043,57
jun.-02,ÓLEO DIESEL,32784,R$/l,988,47,810,1.390,135,48,853,45,503,1.049,52
jul.-02,ÓLEO DIESEL,48633,R$/l,1.064,57,820,1.390,155,53,909,55,620,1.120,61
Aug-02,ÓLEO DIESEL,39510,R$/l,1.068,52,718,1.400,141,49,927,45,620,1.134,49
Sep-02,ÓLEO DIESEL,33774,R$/l,1.066,52,899,1.390,139,49,927,44,604,1.134,48
Oct-02,ÓLEO DIESEL,35062,R$/l,1.068,52,880,1.390,139,49,928,44,665,1.134,48
nov.-02,ÓLEO DIESEL,30469,R$/l,1.264,68,900,1.690,211,54,1.053,97,651,1.379,92
Dec-02,ÓLEO DIESEL,37539,R$/l,1.392,90,999,1.940,206,64,1.186,76,819,1.495,64
jan.-03,ÓLEO DIESEL,30766,R$/l,1.527,77,1.200,1.940,203,50,1.324,85,875,1.633,64
Feb-03,ÓLEO DIESEL,30340,R$/l,1.539,77,1.320,1.940,184,50,1.355,65,885,1.596,48
mar.-03,ÓLEO DIESEL,32998,R$/l,1.536,77,1.299,1.940,178,50,1.358,59,1.045,1.651,44
Apr-03,ÓLEO DIESEL,35327,R$/l,1.529,78,1.250,1.940,175,51,1.354,59,1.042,1.590,43
May-03,ÓLEO DIESEL,30443,R$/l,1.456,77,1.230,1.900,180,53,1.276,65,983,1.652,51
jun.-03,ÓLEO DIESEL,33842,R$/l,1.429,76,1.039,1.980,176,53,1.253,56,905,1.573,45
jul.-03,ÓLEO DIESEL,35091,R$/l,1.416,75,1.149,1.980,170,53,1.245,54,946,1.541,44
Aug-03,ÓLEO DIESEL,30058,R$/l,1.408,76,1.200,1.900,169,54,1.239,54,949,1.506,43
Sep-03,ÓLEO DIESEL,36411,R$/l,1.401,76,1.148,1.900,170,54,1.230,53,931,1.595,43
Oct-03,ÓLEO DIESEL,31463,R$/l,1.395,76,1.178,1.900,169,55,1.227,54,980,1.547,44
nov.-03,ÓLEO DIESEL,30109,R$/l,1.391,77,1.090,1.930,166,55,1.226,53,980,1.686,43
Dec-03,ÓLEO DIESEL,37474,R$/l,1.390,76,1.190,1.900,166,55,1.224,51,973,1.490,42
jan.-04,ÓLEO DIESEL,29928,R$/l,1.393,75,1.210,1.900,164,54,1.229,52,1.000,1.495,42
Feb-04,ÓLEO DIESEL,29915,R$/l,1.392,75,1.210,1.900,163,54,1.230,53,1.001,1.495,43
mar.-04,ÓLEO DIESEL,37335,R$/l,1.389,75,1.199,1.900,161,54,1.228,53,1.001,1.496,43
Apr-04,ÓLEO DIESEL,29930,R$/l,1.387,74,1.134,1.900,159,53,1.228,53,1.001,1.501,43
May-04,ÓLEO DIESEL,36726,R$/l,1.440,80,1.180,1.900,177,56,1.263,54,1.003,1.549,43
jun.-04,ÓLEO DIESEL,47940,R$/l,1.494,97,1.150,1.990,195,65,1.299,72,731,1.590,55
jul.-04,ÓLEO DIESEL,42470,R$/l,1.547,83,1.288,2.050,189,54,1.358,60,1.131,1.650,44
Aug-04,ÓLEO DIESEL,51366,R$/l,1.548,81,1.290,2.050,187,52,1.361,55,1.073,1.651,40
Sep-04,ÓLEO DIESEL,43842,R$/l,1.548,81,1.290,2.050,185,52,1.363,55,1.129,1.657,40
Oct-04,ÓLEO DIESEL,42214,R$/l,1.580,89,1.290,2.150,199,56,1.381,62,1.200,1.703,45
nov.-04,ÓLEO DIESEL,50184,R$/l,1.591,95,1.339,2.150,186,60,1.405,65,1.222,1.836,46
Dec-04,ÓLEO DIESEL,44164,R$/l,1.692,88,1.429,2.150,199,52,1.493,70,1.222,1.876,47
jan.-05,ÓLEO DIESEL,49264,R$/l,1.690,86,1.460,2.370,189,51,1.501,59,1.220,1.857,39
Feb-05,ÓLEO DIESEL,39403,R$/l,1.687,87,1.399,2.370,187,52,1.500,60,1.187,1.827,40
mar.-05,ÓLEO DIESEL,47745,R$/l,1.684,87,1.129,2.370,187,52,1.497,60,1.222,1.886,40
Apr-05,ÓLEO DIESEL,41885,R$/l,1.683,85,1.460,2.350,183,51,1.500,58,1.222,1.886,39
May-05,ÓLEO DIESEL,49831,R$/l,1.697,86,1.460,2.350,179,51,1.518,59,1.187,1.925,39
jun.-05,ÓLEO DIESEL,44191,R$/l,1.695,87,1.450,2.350,175,51,1.520,59,1.222,1.925,39
jul.-05,ÓLEO DIESEL,41705,R$/l,1.694,87,1.460,2.350,174,51,1.520,59,1.220,1.941,39
Aug-05,ÓLEO DIESEL,26947,R$/l,1.694,86,1.300,2.350,174,51,1.520,60,1.357,1.990,39
Sep-05,ÓLEO DIESEL,26797,R$/l,1.830,120,1.440,2.500,220,66,1.610,104,1.010,2.190,65
Oct-05,ÓLEO DIESEL,36406,R$/l,1.885,87,1.340,2.790,195,46,1.690,67,1.072,2.180,40
nov.-05,ÓLEO DIESEL,47139,R$/l,1.888,91,1.599,2.630,192,48,1.696,64,1.269,2.181,38
Dec-05,ÓLEO DIESEL,42071,R$/l,1.888,93,1.650,2.600,193,49,1.695,63,1.353,2.181,37
jan.-06,ÓLEO DIESEL,48593,R$/l,1.889,93,1.630,2.650,194,49,1.695,63,1.328,2.162,37
Feb-06,ÓLEO DIESEL,35831,R$/l,1.889,95,1.610,2.650,192,50,1.697,63,1.496,2.200,37
mar.-06,ÓLEO DIESEL,47633,R$/l,1.889,97,1.640,2.698,193,51,1.696,64,1.425,2.168,38
Apr-06,ÓLEO DIESEL,39552,R$/l,1.889,97,1.640,2.590,193,51,1.696,66,1.340,2.161,39
May-06,ÓLEO DIESEL,47372,R$/l,1.886,98,1.589,2.680,191,52,1.695,66,1.165,2.163,39
jun.-06,ÓLEO DIESEL,41082,R$/l,1.883,97,1.660,2.580,190,52,1.693,65,1.510,2.166,38
jul.-06,ÓLEO DIESEL,41567,R$/l,1.883,99,1.659,2.580,190,53,1.693,65,1.425,2.160,38
Aug-06,ÓLEO DIESEL,46192,R$/l,1.882,97,1.679,2.580,188,52,1.694,65,1.425,2.169,38
Sep-06,ÓLEO DIESEL,35684,R$/l,1.880,98,1.630,2.580,182,52,1.698,66,1.425,2.169,39
Oct-06,ÓLEO DIESEL,34528,R$/l,1.879,99,1.660,2.580,182,53,1.697,66,1.427,2.169,39
nov.-06,ÓLEO DIESEL,33711,R$/l,1.879,97,1.649,2.580,183,52,1.696,65,1.425,2.169,38
Dec-06,ÓLEO DIESEL,30233,R$/l,1.878,98,1.660,2.580,182,52,1.696,67,1.425,2.169,40
jan.-07,ÓLEO DIESEL,40045,R$/l,1.878,98,1.650,2.700,181,52,1.697,66,1.425,2.170,39
Feb-07,ÓLEO DIESEL,33628,R$/l,1.877,97,1.650,2.580,180,52,1.697,66,1.415,2.215,39
mar.-07,ÓLEO DIESEL,33835,R$/l,1.878,98,1.630,2.580,182,52,1.696,66,1.222,2.172,39
Apr-07,ÓLEO DIESEL,34732,R$/l,1.879,97,1.620,2.580,184,52,1.695,66,1.415,2.172,39
May-07,ÓLEO DIESEL,40734,R$/l,1.877,95,1.649,2.580,182,51,1.695,64,1.415,2.157,38
jun.-07,ÓLEO DIESEL,30949,R$/l,1.875,95,1.649,2.580,180,51,1.695,64,1.425,2.158,38
jul.-07,ÓLEO DIESEL,35057,R$/l,1.873,93,1.659,2.580,178,50,1.695,63,1.425,2.158,37
Aug-07,ÓLEO DIESEL,28489,R$/l,1.875,94,1.640,2.580,180,50,1.695,62,1.425,2.221,37
Sep-07,ÓLEO DIESEL,21320,R$/l,1.873,95,1.656,2.580,178,51,1.695,60,1.425,2.158,35
Oct-07,ÓLEO DIESEL,27815,R$/l,1.872,93,1.629,2.500,176,50,1.696,58,1.425,2.039,34
nov.-07,ÓLEO DIESEL,22113,R$/l,1.876,96,1.670,2.580,176,51,1.700,61,1.425,2.160,36
Dec-07,ÓLEO DIESEL,24777,R$/l,1.880,99,1.658,2.580,176,53,1.704,63,1.425,2.165,37
jan.-08,ÓLEO DIESEL,33019,R$/l,1.891,93,1.667,2.580,174,49,1.717,60,1.425,2.181,35
Feb-08,ÓLEO DIESEL,29865,R$/l,1.894,94,1.690,2.580,173,50,1.721,62,1.580,2.183,36
mar.-08,ÓLEO DIESEL,29945,R$/l,1.895,95,1.677,2.580,174,50,1.721,62,1.580,2.206,36
Apr-08,ÓLEO DIESEL,37337,R$/l,1.896,95,1.690,2.580,174,50,1.722,63,1.559,2.208,37
May-08,ÓLEO DIESEL,29709,R$/l,2.059,101,1.740,2.750,221,49,1.838,90,1.593,2.373,49
jun.-08,ÓLEO DIESEL,29860,R$/l,2.068,95,1.729,2.750,196,46,1.872,66,1.590,2.294,35
jul.-08,ÓLEO DIESEL,37275,R$/l,2.107,94,1.849,2.750,199,45,1.908,67,1.640,2.331,35
Aug-08,ÓLEO DIESEL,29743,R$/l,2.120,92,1.850,2.758,194,43,1.926,63,1.710,2.352,33
Sep-08,ÓLEO DIESEL,29865,R$/l,2.122,92,1.850,2.790,196,43,1.926,64,1.603,2.332,33
Oct-08,ÓLEO DIESEL,37320,R$/l,2.123,93,1.839,2.790,196,44,1.927,64,1.714,2.370,33
nov.-08,ÓLEO DIESEL,29945,R$/l,2.125,93,1.869,2.790,197,44,1.928,64,1.714,2.333,33
Dec-08,ÓLEO DIESEL,37354,R$/l,2.126,95,1.789,2.790,200,45,1.926,64,1.761,2.500,33
jan.-09,ÓLEO DIESEL,29693,R$/l,2.125,95,1.890,2.790,197,45,1.928,65,1.770,2.500,34
Feb-09,ÓLEO DIESEL,29652,R$/l,2.126,95,1.899,2.980,200,45,1.926,66,1.780,2.403,34
mar.-09,ÓLEO DIESEL,34806,R$/l,2.125,95,1.899,2.790,202,45,1.923,67,1.770,2.361,35
Apr-09,ÓLEO DIESEL,32146,R$/l,2.123,94,1.849,2.790,203,44,1.920,67,1.770,2.364,35
May-09,ÓLEO DIESEL,29821,R$/l,2.122,95,1.900,2.790,204,45,1.918,69,1.750,2.373,36
jun.-09,ÓLEO DIESEL,34408,R$/l,2.078,115,1.780,2.790,229,55,1.849,106,1.600,2.373,57
jul.-09,ÓLEO DIESEL,32999,R$/l,2.016,107,1.769,2.750,243,53,1.773,81,1.600,2.340,46
Aug-09,ÓLEO DIESEL,15526,R$/l,2.009,108,1.499,2.750,239,54,1.770,79,956,2.318,45
Sep-09,ÓLEO DIESEL,14919,R$/l,1.998,111,1.199,2.750,234,56,1.764,84,876,2.263,48
Oct-09,ÓLEO DIESEL,22354,R$/l,2.000,112,1.490,2.890,238,56,1.762,80,1.090,2.265,45
nov.-09,ÓLEO DIESEL,26935,R$/l,2.002,112,1.229,2.890,240,56,1.762,79,1.050,2.298,45
Dec-09,ÓLEO DIESEL,30393,R$/l,1.999,108,1.030,2.750,238,54,1.761,75,1.175,2.268,43
jan.-10,ÓLEO DIESEL,26486,R$/l,2.005,105,1.699,2.750,234,52,1.771,72,1.231,2.189,41
Feb-10,ÓLEO DIESEL,27870,R$/l,2.008,108,1.500,2.750,234,54,1.774,71,1.331,2.234,40
mar.-10,ÓLEO DIESEL,36314,R$/l,2.007,109,1.449,2.750,233,54,1.774,70,1.208,2.218,39
Apr-10,ÓLEO DIESEL,29421,R$/l,2.005,109,1.690,2.820,232,54,1.773,70,1.355,2.179,39
May-10,ÓLEO DIESEL,30691,R$/l,2.003,111,1.650,2.750,232,55,1.771,70,1.310,2.224,40
jun.-10,ÓLEO DIESEL,35460,R$/l,2.002,109,1.599,2.750,232,54,1.770,70,1.242,2.140,40
jul.-10,ÓLEO DIESEL,29483,R$/l,2.002,110,1.699,2.829,232,55,1.770,70,1.304,2.150,40
Aug-10,ÓLEO DIESEL,34884,R$/l,1.999,109,1.448,2.750,232,55,1.767,68,1.324,2.085,38
Sep-10,ÓLEO DIESEL,31537,R$/l,1.998,110,1.648,2.750,230,55,1.768,71,1.470,2.085,40
Oct-10,ÓLEO DIESEL,29592,R$/l,2.000,109,1.699,2.750,233,55,1.767,73,1.222,2.212,41
nov.-10,ÓLEO DIESEL,36262,R$/l,2.000,110,1.580,2.750,236,55,1.764,75,1.185,2.213,43
Dec-10,ÓLEO DIESEL,30196,R$/l,2.000,111,1.699,2.750,237,56,1.763,76,1.201,2.237,43
jan.-11,ÓLEO DIESEL,33045,R$/l,2.009,112,1.690,2.720,231,56,1.778,78,1.576,2.212,44
Feb-11,ÓLEO DIESEL,26021,R$/l,2.016,108,1.449,2.880,229,54,1.787,73,1.517,2.300,41
mar.-11,ÓLEO DIESEL,37149,R$/l,2.025,111,1.699,2.820,235,55,1.790,77,1.195,2.300,43
Apr-11,ÓLEO DIESEL,29725,R$/l,2.032,114,1.020,2.826,241,56,1.791,80,1.230,2.330,45
May-11,ÓLEO DIESEL,35021,R$/l,2.030,112,1.699,2.980,241,55,1.789,78,1.420,2.330,44
jun.-11,ÓLEO DIESEL,31996,R$/l,2.026,114,1.730,2.890,240,56,1.786,80,1.173,2.330,45
jul.-11,ÓLEO DIESEL,29864,R$/l,2.028,112,1.699,2.790,238,55,1.790,79,1.438,2.280,44
Aug-11,ÓLEO DIESEL,36762,R$/l,2.027,112,1.729,2.800,236,55,1.791,78,1.540,2.359,44
Sep-11,ÓLEO DIESEL,30239,R$/l,2.027,113,1.749,2.800,237,56,1.790,80,1.540,2.379,45
Oct-11,ÓLEO DIESEL,33252,R$/l,2.029,114,1.699,2.799,231,56,1.798,83,1.607,2.389,46
nov.-11,ÓLEO DIESEL,33404,R$/l,2.030,113,1.749,2.810,229,56,1.801,81,1.564,2.389,45
Dec-11,ÓLEO DIESEL,29780,R$/l,2.032,113,1.749,2.799,227,56,1.805,83,1.481,2.350,46
jan.-12,ÓLEO DIESEL,35300,R$/l,2.038,112,1.700,2.800,224,55,1.814,82,1.519,2.257,45
Feb-12,ÓLEO DIESEL,30884,R$/l,2.040,115,1.669,2.800,223,56,1.817,85,1.181,2.373,47
mar.-12,ÓLEO DIESEL,30022,R$/l,2.042,113,1.680,2.949,224,55,1.818,84,1.029,2.359,46
Apr-12,ÓLEO DIESEL,30078,R$/l,2.045,112,1.680,2.800,228,55,1.817,85,1.481,2.390,47
May-12,ÓLEO DIESEL,36387,R$/l,2.045,113,1.739,2.790,231,55,1.814,87,1.418,2.390,48
jun.-12,ÓLEO DIESEL,29404,R$/l,2.045,113,1.729,2.800,234,55,1.811,87,1.301,2.353,48
jul.-12,ÓLEO DIESEL,33338,R$/l,2.076,118,1.739,2.940,236,57,1.840,93,1.299,2.367,51
Aug-12,ÓLEO DIESEL,32239,R$/l,2.131,112,1.797,2.950,233,53,1.898,83,1.512,2.397,44
Sep-12,ÓLEO DIESEL,28844,R$/l,2.136,111,1.790,2.950,232,52,1.904,83,1.639,2.437,44
Oct-12,ÓLEO DIESEL,35122,R$/l,2.145,112,1.799,2.950,227,52,1.918,85,1.650,2.570,44
nov.-12,ÓLEO DIESEL,29152,R$/l,2.148,113,1.800,2.950,223,53,1.925,84,1.638,2.570,44
Dec-12,ÓLEO DIESEL,29334,R$/l,2.151,112,1.869,2.950,224,52,1.927,81,1.660,2.570,42
Dec-12,ÓLEO DIESEL S10,100,R$/l,2.226,70,2.039,2.399,241,31,1.985,29,1.939,2.112,15